[
  {
    "customer_id": 101,
    "name": "Alice",
    "email": "alice@example.com",
    "address": {
      "street": "1 Main St",
      "city": "New York",
      "state": "NY",
      "zip": "10001"
    },
    "orders": [
      {
        "order_id": "A001",
        "date": "2025-10-26",
        "items": [
          {
            "product": "Laptop",
            "category": "Electronics",
            "price": 1200.0,
            "qty": 1
          },
          {
            "product": "Mouse",
            "category": "Electronics",
            "price": 25.0,
            "qty": 2
          }
        ]
      },
      {
        "order_id": "A002",
        "date": "2025-10-27",
        "items": [
          {
            "product": "Keyboard",
            "category": "Electronics",
            "price": 75.0,
            "qty": 1
          }
        ]
      }
    ]
  },
  {
    "customer_id": 102,
    "name": "Bob",
    "email": "bob@example.com",
    "address": {
      "street": "22 Park Ave",
      "city": "Boston",
      "state": "MA",
      "zip": "02116"
    },
    "orders": []
  }
]