[
  {
    "customer_id": 103,
    "name": "Chandra",
    "email": "chandra@example.com",
    "address": {
      "street": "8 Elm Rd",
      "city": "San Francisco",
      "state": "CA",
      "zip": "94105"
    },
    "orders": [
      {
        "order_id": "C101",
        "date": "2025-10-20",
        "items": [
          {
            "product": "Desk",
            "category": "Furniture",
            "price": 300.0,
            "qty": 1
          },
          {
            "product": "Chair",
            "category": "Furniture",
            "price": 150.0,
            "qty": 2
          }
        ]
      }
    ]
  },
  {
    "customer_id": 104,
    "name": "Daris",
    "email": "daris@example.com",
    "address": {
      "street": "77 King St",
      "city": "New York",
      "state": "NY",
      "zip": "10002"
    },
    "orders": [
      {
        "order_id": "D555",
        "date": "2025-10-25",
        "items": [
          {
            "product": "Mouse",
            "category": "Electronics",
            "price": 24.0,
            "qty": 1
          },
          {
            "product": "USB-C Cable",
            "category": "Electronics",
            "price": 12.0,
            "qty": 3
          }
        ]
      },
      {
        "order_id": "D556",
        "date": "2025-10-26",
        "items": [
          {
            "product": "Desk",
            "category": "Furniture",
            "price": 310.0,
            "qty": 1
          }
        ]
      }
    ]
  }
]